"UMAP1","UMAP2","cell"
3.49801327088232,0.156306945392775,"CCATAAGCAGGGAGAG-1"
2.59525944092626,-1.53570011942656,"ACAAAGATCAACGAGG-1"
3.29459215500707,1.37655540616243,"TCAATTCCAAGAAACT-1"
0.647336972740836,2.11763306767671,"ATCCGTCGTCGACTTA-1"
2.88453317978734,1.41701360852449,"ATCATTCGTTCCATTT-1"
0.229365361717887,-1.85956600992949,"AGGAATAAGGACTTCT-1"
0.885711921242423,-1.52478960840972,"TTCATGTAGATGTTCC-1"
-3.6477316488946,-1.18071726649077,"TTGTTGTCACAAGCTT-1"
0.575208915260978,2.08140023858278,"AGGCTGCCAGACTGCC-1"
-1.56425035199767,-0.430798328807665,"CTGAGCGTCAGTGTCA-1"
-1.19542561671381,-1.84337977259429,"TCATGAGAGTTGAAGT-1"
2.29920269348974,-1.61927536814482,"ATCACAGGTCTCACAA-1"
3.55935694077367,1.97497411877839,"CCTCTAGAGGCATCTT-1"
-9.32630990645533,3.76377987177102,"CGGACACTCGGCAGTC-1"
3.04822803833837,-0.703585899761034,"GTCATTTGTCTTCGAA-1"
-0.341520892592721,-1.49482945292266,"TGGAGAGCACTGCGTG-1"
-3.73696087500697,-1.2634246715811,"ATTCCCGCACCGTGGT-1"
3.71265055039281,-0.284531391551806,"ATTGGGTCAATTGCAC-1"
-2.93718706271296,-0.526309288432909,"TGGTTAGAGTCCCAAT-1"
4.96425224640722,-0.085938251903368,"TTAGGCATCATTGCGA-1"
-2.04413821003085,-1.06504086344512,"CTGGCAGCAATCGCGC-1"
-2.92469512126093,-2.00634983866484,"GGAGAACGTACCCAGC-1"
-0.921923266860299,-0.41073230593474,"TTATTGCAGGCTCACC-1"
4.30339742997045,-0.868499554088427,"AGACCATGTCACTCGG-1"
2.06799675324316,1.91334386975496,"GTAGGTTGTAATGATG-1"
0.0531060824667882,-0.827949798991991,"CTAAGTGGTCAACACT-1"
0.11762763359899,1.7175813546869,"GAACACTTCGGACCAC-1"
-2.2057749500001,-1.42538670389922,"CGAATTGGTACCTAAC-1"
2.76252676346654,-0.125088966777636,"CGGTCAGAGTCAAGCG-1"
1.27764512398595,-0.00435522883207895,"TATCTGTTCCTGGGAC-1"
0.00116134980077254,1.57758911759584,"GCTACAACAAGAGATT-1"
2.34259010651464,0.296602927753614,"AGCGCTGGTGCATCTA-1"
3.37305427887792,0.257216178486036,"GCCAACGTCGCGTGCA-1"
-2.8371380438531,-1.53653839915068,"TCTCTGGAGGAGAGTA-1"
-0.245450602980905,-0.864504135539843,"CACGGGTGTGGCTACC-1"
4.50668121674413,-0.353151358058764,"GTTCATTCAGACCCGT-1"
1.97694708207006,2.18753989846437,"GCCCGAACAAGAGTGC-1"
2.06789566376562,0.294851504871534,"GTCGTTCTCGACTCCT-1"
2.38298155167455,2.091514669964,"GATGAGGTCCCAATAG-1"
-1.59895461252575,-0.144485033443285,"TCCTAATGTGGTCTAT-1"
3.05241943695898,1.44048281819551,"TGACTCCCAATGGCAG-1"
-3.37520896098261,-1.31157616465361,"TAACGACAGCCGAATG-1"
3.25160909989233,-0.141987837245775,"GTGGAAGCAGGCACTC-1"
-1.72560610263293,-1.2410595783499,"GATGGAGTCAGAATAG-1"
-0.0591868033135463,-1.87034252970488,"TATCGCCCACTCCACT-1"
4.59652496674413,0.0418405166360607,"AGCCAATCAACCTATG-1"
3.21038986542577,1.2801646819803,"AGAGCAGTCCATTCAT-1"
-1.91465254327899,-1.88784865229399,"ACGTAACAGCGCGTTC-1"
2.10850311615819,-1.17513493387969,"CTCTCGAAGGCCCAAA-1"
-3.57412408492213,-1.39956168024809,"TTCTAGTAGGTCATTC-1"
-0.802685903521829,-1.60174874155791,"ATTGGGTGTAGACGGT-1"
3.36227489807958,-0.888169086864306,"ACATCGACACGGTCTG-1"
-0.384645568343454,-2.11232689707549,"TGCGATAAGGCCGCTT-1"
0.199513448265738,0.408256255695509,"GGGCCATCATACATCG-1"
-2.45908145806437,-1.17042521326811,"GTACAGTGTACCCGAC-1"
-2.08149807355052,-1.46035841791899,"CCGTGAGTCTCTAGGA-1"
2.22077442505712,-0.752841270854784,"GAAGGACCAAATACGA-1"
3.7872083316123,0.798855744907545,"AGAAGTATCCAGTACA-1"
-2.22082458636408,-1.83238915293486,"TGCGGGTCAGAAATCA-1"
4.72862840988988,-0.257952011516405,"GGTCACGAGGCTGAAC-1"
-3.36070285937434,-0.533692158153368,"CTTCCTTGTTGGGACA-1"
4.12400699952001,-0.731481827190233,"GCTGGGTCATCTAACG-1"
3.92055918076391,1.37442680508821,"GAGGCCTTCCTTGACC-1"
-0.303535806151681,-2.33684328882964,"GCAACCGTCGCTGTTC-1"
-0.411855684729867,-1.13422802775176,"GTCCACTCACACGGAA-1"
2.25883032181615,-0.74763563959868,"CTCCATGAGCACGATG-1"
-8.07554410597926,2.81605430752962,"GCAACATGTCGTCGGT-1"
2.95595909455175,2.03235801369874,"GAGGCAAAGCGATTCT-1"
-4.0580065121377,-0.461793697765184,"CAAGACTTCAGCTGTA-1"
-0.569455849143319,-3.40705612986357,"TCGTAGAGTCTAATCG-1"
3.77948976853246,-0.964136398723436,"CCTTGTGTCTTTCGAT-1"
2.74706674912328,2.37923546941011,"CCACCATAGTATAGAC-1"
3.10166288712377,0.615187846729444,"GGGTGAATCATTGTTC-1"
0.831177724388785,-0.590468920162035,"TCCTCTTGTCGAGATG-1"
-1.70406624874716,-2.44833735316069,"GGGACCTTCAAAGGTA-1"
-0.524017797919564,-0.323365248134447,"GTTGTAGTCCGCAACG-1"
4.74057222702856,0.173689567157911,"GTCGCGACACCTGTCT-1"
-1.7410419994468,-2.2609479793814,"GCGGAAATCCGATAGT-1"
-9.37674974105006,3.22490047723977,"TGCAGGCCATTGCCTC-1"
0.532254231957145,-1.61499909251006,"TTAGGGTAGTCTAGCT-1"
3.55205608704442,1.67889662892549,"GAGGCAATCTGCTGAA-1"
-0.0249017348015834,-0.628551758220507,"CTCATCGAGACATCCT-1"
-2.39395015141612,-0.845644749095751,"GGAGGATAGAATCGTA-1"
4.7563245425498,0.0595659843179455,"AGGACTTGTGACTCTA-1"
2.86420370438451,-1.38017348139556,"CTTAGGACACACTGGC-1"
1.61580206253881,1.22317358166902,"TCAGCAAAGAGCATCG-1"
-2.96001361510401,-1.73716715662749,"CCAATTTAGGACGCTA-1"
-9.13205217024928,3.87731178910463,"GGGTTTAAGCGAGTCA-1"
0.903769982842154,1.01678725392549,"TTTCAGTGTGTGAGCA-1"
1.95490409233922,0.891695939609694,"CGTGTCTTCTCAACCC-1"
-1.93026887080317,-0.68996027796538,"GGGTGAAAGATCGCCC-1"
-1.98328431150561,-2.04428318827422,"CCCTCAATCTTCCGTG-1"
2.95401312210912,-0.344035900523973,"CCAAGCGGTGTCTTCC-1"
-9.04741214415675,3.71444442183702,"TCATGCCAGCTGACAG-1"
-1.46753260693198,-2.05298880427153,"CGAGTGCAGTAGGCCA-1"
-2.97049938342219,-1.21673897593291,"CACAACACATGCCGCA-1"
2.27341653206701,0.243286334583448,"AGGTCATAGGTTTGAA-1"
0.551626456764884,-2.11315945475371,"GTCCTCAGTGATCATC-1"
-4.01738523146754,-1.06861237376006,"CTAGGTATCCTCTCTT-1"
3.2462132106101,0.837949239322828,"CGATCGGTCCACAGGC-1"
3.63108850815649,0.737571679660963,"TGCGGCAGTCGTTGGC-1"
-2.69620423218852,-1.95555094568999,"TGCCGAGCATCGGATT-1"
0.750401748207755,0.099782430240797,"CGAGGAAGTGATGTAA-1"
-2.95157788893824,-1.05451182215483,"AACCACACATGTTCAG-1"
3.7017796168601,-0.0258887180593739,"GCATCGGTCCTGGTCT-1"
-0.521686064215951,-3.22548321574004,"CACAGATGTATCCCAA-1"
1.58431006768102,-0.633878982951952,"GGGCTACGTACCCGAC-1"
-1.9698397984231,-2.45531777231963,"CGGAATTCAAGGGCAT-1"
3.2676017413413,1.08975526005952,"TATCGCCTCTCGACCT-1"
-2.39468239447718,-2.49417809336455,"TTCATGTTCACTTATC-1"
-2.48307042023783,-2.25827912180693,"TCCATGCAGGTCGTGA-1"
-1.93465310535079,-2.16864136545928,"GATTCGAAGTTCATCG-1"
-7.9654099812234,3.33177599860347,"TCACTCGTCATCCCGT-1"
3.99028755524511,0.91077705533235,"CGGAACCCATGACACT-1"
1.11752988198156,1.56795879513948,"GCAACATAGATTGCGG-1"
2.76549507477636,0.122275315830397,"CTCGAGGGTCTGCGCA-1"
1.38192440369482,-1.59859541743071,"GTGGGAAAGCAGTAAT-1"
4.34279848435277,0.23320718915193,"AGATCCATCACTCACC-1"
-3.02626191279536,-0.792056835582567,"TCTCCGACATGAGTAA-1"
-2.01439823410159,-1.77140740244658,"AGCGTATCACAAGCAG-1"
-3.75672720572596,-0.628298319270922,"ATGGTTGTCTGCATGA-1"
1.9896738658225,0.943420611927198,"TGAATCGGTCGTTCAA-1"
-3.99565552374964,-0.565318859508348,"AGGGCCTAGTAAATGC-1"
2.4740374217307,1.53189369351594,"GTGTTCCGTGGTGATG-1"
3.83310247757787,1.23157688290803,"CAACAACGTTCGGGTC-1"
-1.03523938557749,-1.60199192850859,"AAACGAACAAGCAGGT-1"
-0.660193907233529,-1.34217528193266,"CCACGTTGTCCCGCAA-1"
1.67625643113012,1.05341120869844,"CCAATTTGTTGTCTAG-1"
1.93023897507543,1.75522943646638,"TGTTACTTCCAAATGC-1"
3.53384043076391,-0.478953874996019,"GCATCTCGTTAAGGGC-1"
3.84602953293676,0.557537042209791,"ATACCGACAGAACTTC-1"
0.107249272850699,-1.57081250040801,"ACCAAACCAGGATCTT-1"
-4.14607142111903,-0.69526747553618,"TATTCCACAGTGTGGA-1"
2.63473059037084,-0.432006872585131,"GTGAGCCGTCTCAGAT-1"
-1.62116810879355,-0.176746405055834,"ATTCAGGCATTCACCC-1"
4.58809877732152,-0.421742952754808,"CAAGCTACAGGCTACC-1"
-0.94790940186625,-0.0402655967977772,"CACAGATCAACATCGT-1"
2.95001722672338,0.323846780368971,"TCTTGCGGTGTTACAC-1"
-0.171425091239267,-1.8143771061209,"CGATCGGGTCAACCAT-1"
2.68905760147924,1.64121969849794,"ATCTCTAAGTCCCGGT-1"
-3.20262168547755,-1.11008051722319,"ATACTTCGTGAGTGAC-1"
-7.90378354689723,2.9520664444658,"GCATGATTCTCGTCAC-1"
2.15517712929601,2.20911344201295,"TACCGAAAGACTAAGT-1"
-0.346921073409372,-3.16805723994048,"AGCCAGCGTGCAGATG-1"
3.7539241442954,1.40227528722017,"ATAGGCTGTAGTACGG-1"
2.78204180100317,1.10348125607698,"ATCTTCATCGATCCAA-1"
2.85760046341772,-0.409910000255419,"ACGGTTAGTCATCACA-1"
0.649801744011588,1.8656503787729,"CTCAGAAGTTCGGACC-1"
-3.84379218718653,-1.79398897974761,"TAATCTCCACGCAGTC-1"
2.48052526810522,-0.57557491152556,"GAGTTGTGTGTAGGAC-1"
1.48783661225194,-0.978450096538378,"CGTAGTAAGGAGTCTG-1"
-0.55818020007258,-3.48594502299101,"ACTTTGTAGGTAAACT-1"
3.73420168259496,-1.19100931971343,"TAGCACAAGGACAAGA-1"
2.84887195923681,1.87735780389039,"TATCAGGTCCCGGTAG-1"
3.41728092530126,0.150002681324171,"GCATGATTCTTGAGCA-1"
4.65700556137914,-0.617538488796068,"AGCCAGCCATAACCCA-1"
1.46220613816137,0.579589330265211,"TAGAGTCAGCGCGTTC-1"
-3.07604025504237,-1.76091317026885,"TGGAGGACATTGCTGA-1"
-1.81749364933615,-1.62893036692412,"TTGGGCGAGAGAGTTT-1"
-2.83651922843104,-1.38822630732329,"GTGCAGCTCGGAATTC-1"
-0.36778746745234,-0.625880278041674,"GGCGTCATCATACAGC-1"
-3.75394152304774,-0.884910858562304,"TGTGATGTCTTAATCC-1"
2.47185493805761,1.21557375104158,"TCCGAAATCAGCTGAT-1"
-9.34591458937769,3.06409668237893,"ACCTGTCTCCATGAGT-1"
-2.29455213448649,-0.52155617563994,"TTACGTTCATCGCTAA-1"
-8.15802501341944,2.61287184865205,"CTCCATGGTACAGTTC-1"
-9.35078548094874,4.06585582406251,"CTCGAGGTCATGGGAG-1"
-3.86104415557032,-1.30077294199736,"CCCGAAGTCCACTGGG-1"
-1.99338837167864,-0.641910828044725,"TGCGACGCAACACTAC-1"
4.71663357117528,0.288834535190748,"ACGTACATCATCCCGT-1"
1.38432480194921,-0.509374178340746,"CGGGTGTCAAGTGGTG-1"
0.988899720696158,0.594934665271925,"AAGGAATCAACTGGTT-1"
-0.353096949073129,-1.58051804392607,"GTCATCCTCTCACCCA-1"
2.05765749314184,-0.696145809581591,"TTGTTTGAGTAGGAAG-1"
2.47576595642919,-0.642732895305468,"GGAAGTGGTTCTCGCT-1"
2.48790384629125,-1.6191375622061,"TAGCACAGTTTACGTG-1"
-8.82239411971217,2.79980316073625,"CTAACCCGTCGATTCA-1"
-0.301934586974435,-1.79967240183623,"AGAGCCCAGCCATTGT-1"
4.05681635239477,0.0836233726236095,"TTGCATTAGACATATG-1"
4.91421009400243,0.11709161908357,"TAATCTCCACAAGCAG-1"
-9.42180369994288,4.01872762353151,"CTGCAGGTCGCAATGT-1"
-1.43254183432704,-2.15530709116728,"GTCTCACGTGGTCAAG-1"
1.20571423867101,-1.82422856180937,"TGCACGGTCTACTGAG-1"
1.87287951805944,1.86540886075227,"CGTGTCTCAGTTGTTG-1"
4.27321983673925,-0.233499086788012,"AGGGTCCAGGGTTAGC-1"
1.05082227089757,0.655923806736158,"TATTGCTGTAACAGTA-1"
2.45286394455785,-1.61832455485137,"TGAATCGGTGGTCTGC-1"
0.0304761061942052,2.03581937463014,"ACACGCGAGTTGCTCA-1"
4.19457365372533,-0.431589401653124,"TTCCACGGTGCCGGTT-1"
-7.90853475234156,2.97542931945054,"TCCTCCCAGTTTCGAC-1"
0.090640080956168,1.96043308884828,"GGTGGCTGTTGGACCC-1"
-8.54639838835841,3.21047056526868,"AGCGTCGGTATGCTTG-1"
1.83816124298925,-0.886210239818407,"GATGACTAGATGGCAC-1"
3.98897243836278,-0.156387127330614,"GTCATTTGTCGCATTA-1"
0.496042026070304,-0.720796860149218,"GGAGGATGTTCCACAA-1"
2.35959507325048,1.76654275567262,"ACCAAACTCATGCGGC-1"
-2.72141932150965,-1.57072857706816,"TTTCACAAGAGTCACG-1"
-8.95889161727076,3.44003638685672,"TGAGACTAGGTTCACT-1"
-0.52413319251185,-3.44636181681426,"CTCAGGGCAATAGGGC-1"
-2.15711404583102,-1.25946978419097,"GCCATTCCACATTCTT-1"
-1.31897370717173,-2.34561518519194,"AGACTCAGTAACCAGG-1"
4.30616642334814,-0.838197029521776,"CTGCATCAGGGCAGGA-1"
-0.565621959182077,-2.14039687006743,"AGGTTACTCACGGGAA-1"
4.7591264376914,-0.244825161388231,"TCATGTTTCATGCGGC-1"
0.159397614983268,-1.53278378336699,"TCGACCTAGGCATCAG-1"
3.14414240219945,0.938088618824171,"CCCTCTCTCCGTATGA-1"
4.18248583176488,-0.0956738361624012,"GCACTAACAACCGGAA-1"
1.91906310418004,1.404453956196,"AAGATAGAGTTCAACC-1"
-0.690040098639779,-1.0687864193228,"CATTGCCAGTCTCCTC-1"
1.70707274773473,1.70372506291597,"TCCACCATCCTTCTGG-1"
-4.13290165564661,-1.14771632044585,"TCAGCCTAGCTATCTG-1"
-2.24288730523234,-1.71294669001372,"GGAACCCGTACGCTTA-1"
0.551009429482169,-1.97213200419219,"CTATCCGAGGGAGTGG-1"
-9.40684293410426,3.82283213050096,"ACGTCCTCAAATGAGT-1"
-8.76507161757594,3.50314659685819,"AGATAGACAGAGTCTT-1"
3.72984958985204,0.385332309314894,"GCCATTCAGCCTTTCC-1"
3.0313055644309,-0.623606480052782,"TATCTGTGTAGAGACC-1"
-8.19916747710352,3.04813503534524,"ATGGGAGTCTCGAGTA-1"
4.17924095490331,-0.537530697276903,"TGCAGTAAGCAGCCCT-1"
2.35607553818578,0.748405419895338,"TCGGATACAATCACGT-1"
-2.5906631817544,-2.04373339503081,"GAAGGACCATTCTCTA-1"
1.77290989258642,-0.961618221690966,"GTCACTCGTTCTTGCC-1"
2.54291797974462,-1.18268565027983,"GTTACGACAACCGATT-1"
-1.22662572762614,-0.025485313823534,"TATCGCCCACACGCCA-1"
-8.76799558303004,3.15846591503351,"GAGGCAAGTACGGGAT-1"
4.92436195710058,0.297738515445875,"ACCTGAAAGTGCACTT-1"
3.38798929551,-0.889566219737841,"CCTATCGGTGAGGATC-1"
-9.2355344166482,3.33631709930478,"TGTGTGACATTACTCT-1"
-2.31569205424433,-0.956846035411669,"TGTACAGCACAAGCTT-1"
2.2342970500266,0.735719405719923,"CTGGACGAGATAGCAT-1"
0.804493917015738,-1.94516924708159,"GTAACACCAATCCTAG-1"
0.112065208939261,2.168130361149,"CCTCAGTTCTGAGAGG-1"
2.38766170838232,1.25223036915986,"ATCGATGTCGTGGACC-1"
-2.51616750857478,-1.70623377650054,"AAGTCGTAGGGTAGCT-1"
2.86328007080907,-0.214153564861132,"GAGAAATTCTACTATC-1"
3.19035507538671,-1.0399253734854,"TTCCAATCACCATATG-1"
4.6571805606162,0.563638650486158,"GAGTCTAAGACATCCT-1"
3.7131378779685,1.12860532910554,"TGGGCGTAGAGTGGCT-1"
2.25823856690282,0.62503167302339,"CTGTGGGAGTTGTCGT-1"
-4.16532419821864,-0.544901407649828,"CATGAGTAGAAACCCG-1"
-2.32145653864985,-1.60010794489653,"GCCGTGACACGTCTCT-1"
-9.14045356413966,3.86361988694398,"AGGGTCCAGCTCATAC-1"
4.83407713272924,-0.437120474269701,"TTTGACTTCAGCTGAT-1"
-2.58052467009669,-1.18823126642974,"TCCAGAATCACGATAC-1"
-3.47529064318781,-1.5322234997061,"CGTGAATGTAATGCGG-1"
4.32652260163183,0.0275539985391369,"CCTCAACTCTTGATTC-1"
-2.8790868391717,-0.698901928356005,"CGAAGGATCCGATAGT-1"
3.23914505341405,1.57605262906282,"TGCTCCACATTCACAG-1"
1.03302790024633,1.52394291074006,"GAAATGATCCGTATGA-1"
4.14326406815404,0.667975865909742,"TGTGAGTGTTAGTCGT-1"
-0.771338211509042,-2.22612694590361,"ACCGTTCGTCAAACGG-1"
2.57861353257055,1.75169547707765,"GTTTGGATCCAGCCTT-1"
3.23442341187353,-0.369605577876879,"GTCTCACAGACTTAAG-1"
2.07940937378759,-1.47270706980498,"CTGCGAGTCTTGAACG-1"
-1.67293221703415,-0.483256615093065,"CTTGAGACATCATCCC-1"
1.30782510140295,-0.04407290308745,"GGGAGATGTTCCACGG-1"
0.519561780480094,2.19705434949129,"TGACGCGAGATGCTAA-1"
2.76955534317846,0.801712953159498,"TCAGTTTTCACCTGGG-1"
0.253622783211417,-2.13965777247222,"AGGCCACGTCGGAAAC-1"
1.56598783829565,-1.0201237568167,"CTGTCGTGTCGAGTTT-1"
-1.23468522927409,-1.43575838892729,"GTCAGCGAGGTGCAGT-1"
3.14335323670263,2.34133543879716,"CATCAAGCACATTCGA-1"
1.8893218169486,1.5803275933954,"CAGAGCCCATCGGTTA-1"
0.0780868659293126,1.82007166058748,"ATGGGTTTCGCTTGCT-1"
-2.4133076538766,-2.07382944910796,"GGATGTTGTTGCTAGT-1"
0.343639148262687,1.41271337182252,"TGGGCTGGTGGCACTC-1"
2.44191576340551,-0.884390152385546,"GTACAGTAGCGCAATG-1"
-9.15360664031153,3.09047969491212,"TTTCAGTAGTAACAGT-1"
1.17315341332311,0.974135123798536,"GTAACCAGTCTCGGGT-1"
-0.960825847598367,-0.765066898753954,"AGGCATTTCGCTGTTC-1"
2.96682669022436,-0.92870310633452,"TCAGGGCAGTGTTCAC-1"
-0.736224817248635,-1.31165102808745,"AGCTCAAGTGCTGTCG-1"
-8.99545930525904,3.77896624119012,"GAGGCCTGTCAGACGA-1"
3.57728029587621,1.36440058858125,"GCCTGTTGTCAAAGTA-1"
1.43231178620214,0.885853253910231,"GCATCTCAGCCTGAAG-1"
-2.85158644816523,-1.37730101435454,"AACCCAACAAGTGCTT-1"
-1.99597798487788,-0.942294395854784,"AGATCCATCACAACCA-1"
-3.04409812590724,-0.678210533550097,"CCGATGGCAATTGAGA-1"
4.6112468371665,-0.191268957546068,"ATCGATGAGACTTCGT-1"
-2.06998773119097,-2.48662022440703,"TGTTCCGAGGGAGGAC-1"
-9.18408988616114,3.17777741760938,"TGCCGAGGTCAAACGG-1"
2.79698349335546,-1.44808129160674,"GTTCGCTGTAACTAAG-1"
2.34275127747411,1.89488121182649,"ATCCATTCAGAAGTTA-1"
4.36901213028783,0.332299672672438,"TGGGATTGTCTACGTA-1"
3.18806530335302,-0.79086188166411,"GAGGGATCAGACACAG-1"
1.88987614014501,-1.38276985972197,"CCTAACCTCTAGCAAC-1"
2.0982627997672,2.32281263978212,"AGGTCATCATCGAGCC-1"
-3.44667671820765,-1.78888920634062,"GTGCACGTCGGTGAAG-1"
0.63368274071569,-0.444477356365038,"CTGTGAATCGCACGGT-1"
2.82691599228734,-0.919340408733202,"CAGGGCTCATGTTCGA-1"
-0.0260497202599574,0.229686223575758,"ATCACAGTCCGGCAAC-1"
-1.9965270032609,-2.65350846140654,"TGCGATATCGTGCAGC-1"
0.378016723183341,2.04048451096742,"CTCCACAAGGAGATAG-1"
1.97815324166173,-0.769099987438036,"CCGGGTATCGTGGTAT-1"
0.158562077072806,-0.680193699291063,"TAGGGTTTCTAGACCA-1"
4.3818709979331,-0.529455936839891,"TTCTTCCAGCTAATCC-1"
-2.23378901383524,-0.561668194225145,"CCTCATGTCGTCAAAC-1"
-0.970003174754434,-2.04895619242461,"ATCGTGAAGAATTCAG-1"
2.435512317208,-1.09823397486479,"CGTTCTGAGATGCCGA-1"
-8.91364596984034,2.9020293286535,"CCTCTAGGTCTATGAC-1"
-4.21928523680811,-0.435591257503344,"GTCACTCCACGCCACA-1"
-9.08907102248316,2.88468834073274,"AGCGCTGCACGCGGTT-1"
-0.515149818869882,-3.4574149021414,"TTAGGCATCTAAGGAA-1"
-2.57366936108714,-1.07097319453032,"TGATCTTGTGTCACAT-1"
3.08506800034399,-1.32837132303984,"TTCACGCGTTACAGCT-1"
3.54774404862279,-0.623313940456224,"AGTGTTGAGGCTTAAA-1"
1.22198845246191,-1.79754332392485,"GTAGGAGTCCTTATCA-1"
3.91270758011693,-0.311488903453661,"GTCATTTAGGCCTAAG-1"
2.39337707856054,-0.120444572856737,"TAGTGCAGTAGGTTTC-1"
-8.2959797253335,2.91999086053102,"CAATGACAGCGCCTCA-1"
2.69836593964452,0.680335961887526,"TCTCAGCCACGCGCTA-1"
-2.53938882252818,-0.880092419078661,"TTGTTGTGTAGATGTA-1"
-0.535006629439645,-2.27026013224394,"GGCGTCACAGTGAGCA-1"
2.44234157898778,2.38574089915483,"CACAGGCTCTAAGCCA-1"
-0.707290517302804,-1.78790310709746,"AAGGAATGTTGCATGT-1"
-3.73472689292079,-1.28711584894927,"TGTACAGAGAGATGCC-1"
-2.3360576500619,-1.43525961725981,"AGTGATCGTTAGGGAC-1"
0.667791141060538,-1.73081234782012,"AACCAACGTCTACAAC-1"
-4.14041827818995,-0.59267810671599,"ATATCCTGTGCATCTA-1"
1.12065411904211,0.636450254032301,"ACCTGAAGTGTTATCG-1"
0.263355148819632,-1.64528921931059,"AGGTTGTAGAACCCGA-1"
3.06450678208227,0.897449695179152,"CTTAGGACAATCCTAG-1"
3.95927406647558,-0.740371025493456,"GATTCGACAGAACGCA-1"
3.04884649613256,0.503838025638746,"TGATTTCAGGTTAAAC-1"
-3.3041037192071,-0.659264362743212,"CATACCCAGAGAACCC-1"
-0.0641467442238857,-1.54545143931182,"TTGAGTGCACTGGCGT-1"
2.2535374293601,-0.466421163966967,"TGTTACTAGTTGCGAG-1"
-3.30254732272273,-0.99377468912871,"TTGGGTAGTAGAGCTG-1"
2.62189174988622,1.77002557427614,"CATACAGCAGCTATTG-1"
-4.26671813628321,-0.806761539867235,"CACTGAACAGCAGACA-1"
-0.824293958159738,-0.0991847881582508,"TGCATCCGTTCCAAAC-1"
2.33525730469579,-0.895495689800097,"GTCACTCGTCCAAAGG-1"
3.03988148072118,2.13940247208803,"GGTCACGTCCCAGCGA-1"
0.317201865700431,0.703511678287672,"TGTCCTGCAGGATGAC-1"
3.67966533997411,1.85206230790346,"GACCAATAGTTTAGGA-1"
-2.03791897198802,-1.16059283106597,"TGCACGGAGGGCTGAT-1"
-1.54941493472701,-2.14555147974761,"TACAACGAGTCCCTAA-1"
1.45669986107702,0.396369420597242,"TGGTGATGTAGCGTAG-1"
2.43141008713598,1.33850046307771,"TGGATGTTCAGACCCG-1"
-8.60440562865382,3.42699666381805,"GAATCACAGCCGTTAT-1"
2.22776938774938,1.18288632542817,"TCATCATCATAATCGC-1"
1.54180575707311,-1.46605280726225,"TCTTCCTTCGCAATGT-1"
2.93246342041845,1.07335158498018,"AAGACAAGTATCGTGT-1"
-0.718321370097451,-0.0449126133230457,"TCATACTGTGCTCGTG-1"
0.503374351051993,0.192878209659742,"TACGGGCAGGCGCTTC-1"
-7.82388566634303,2.65890499264924,"TCCTGCATCTAGAACC-1"
3.04429413178319,0.423099958011793,"CAATCGAGTCAACCTA-1"
-0.421210276099496,-2.21634987681182,"TCACTATAGTTGTACC-1"
0.878180993584342,-2.05728033869536,"GTGCACGCAGTGTGGA-1"
-9.10992597243433,3.90981140048234,"AGAACCTGTACTCGTA-1"
0.331263078240104,1.62637241990297,"GAAGGGTTCTAGGCCG-1"
1.49800969460363,1.60689803273408,"GGTGGCTGTGTGCTTA-1"
2.96057154038305,1.08542724759309,"GAGCCTGAGCTGACCC-1"
0.164360655335135,-0.983789242198778,"ACCTGAATCATGCGGC-1"
2.22691537239904,2.25156065137117,"ATTTCACGTTGCGTAT-1"
4.1677973399436,0.306604587146925,"CACAGATAGTCCCAAT-1"
2.56561781266088,-1.07389715998442,"AAGCGAGCACGACCTG-1"
3.14559723236913,1.2295157542917,"GTCAAACCATAGCTGT-1"
3.266735805062,-0.304223097255541,"GCCGTGATCGCGTTTC-1"
4.51206137040014,0.471614800998854,"TCTGGCTAGCATTGTC-1"
0.866574538735099,1.92461713463991,"CTTCTCTCACAATGTC-1"
-8.00849031111842,3.09052769155233,"TGTTGAGGTGACTATC-1"
3.59200979569311,1.35141786248414,"TGAGGAGAGGGAACAA-1"
-8.04783891341334,3.37163268090217,"ACTATTCGTGAGGAAA-1"
4.05640961029882,1.17189260632722,"TACTGCCCAGAGAATT-1"
-3.48260449072962,-1.13593129008086,"ACTGTCCTCGGTATGT-1"
2.59886242249364,-1.09457234232695,"CCCGGAAGTAGAGACC-1"
-0.471957074614816,-3.32710198252471,"GGTGTTAAGTATTCCG-1"
2.43505741455907,-1.16290072291167,"AGTTCGACACATACGT-1"
2.51668573716039,-0.259334600856615,"AGTGATCCACGTCATA-1"
-2.26138530871516,-2.33801869242461,"CTGTACCGTCGCACGT-1"
-2.30660270354395,-1.97772482722075,"GAATAGAGTGACAGGT-1"
-3.60651622912531,-1.86708811610015,"CAGCAGCCAATAGTGA-1"
0.711735023049064,-1.86592415659697,"TTGTTTGAGGCACAAC-1"
3.37994839051122,1.41157897622316,"GTTACGAGTTCAGTAC-1"
3.96200014450902,0.640701257297682,"GAATAGAGTTCTCGCT-1"
2.04027391770238,-1.11697176783354,"TCGTCCATCCAAGCTA-1"
1.98897005417699,-0.0328693756368885,"GATGATCTCCTATTTG-1"
3.9247381816184,0.393906079837965,"CCCTGATAGAAGCTCG-1"
-3.4565992226327,-0.72303608744414,"GTAGAAAAGCACCCAC-1"
3.34313799240942,-0.909759319713427,"TACCTGCGTTCTTGCC-1"
-3.74963830611353,-1.68636587946684,"CAGTGCGGTCAAGCGA-1"
3.52968717911596,0.675180636951612,"GTTAGTGTCGGCTCTT-1"
-3.49679182669764,-0.629430092265917,"TGGTTAGGTTAGCTAC-1"
-1.92169334194308,-1.50378636210234,"GCGAGAAGTGTTCATG-1"
3.17271400788183,0.362717591831373,"GTCTACCGTTAACCTG-1"
-8.4223658909524,2.90573277384965,"AAACGCTAGTCACACT-1"
-2.96779810092097,-0.884558475902391,"TTGCCTGAGAACGTGC-1"
-2.85422752997523,-1.21646241038115,"TTCGGTCAGGTTTGAA-1"
-4.01492189070826,-1.46151045649321,"CAAGCTATCTACGCGG-1"
3.02211309769506,1.84599085957734,"CTAGGTACAATAGTCC-1"
-2.96825717589503,-1.30269554941924,"TTCCAATCACTCCTTG-1"
1.10322691300268,0.948546611377882,"GATCATGAGCAGATAT-1"
-2.53957317969447,-1.2750270733145,"GATCCCTGTCATAACC-1"
3.39550186493749,-0.268858230998827,"ATGAAAGTCAATCTTC-1"
2.06168557503576,1.34306987435548,"GGTGAAGTCCTAAGTG-1"
2.75115085938329,0.489876472065138,"TAATTCCAGTCGAAAT-1"
-2.61749206683283,-0.54737666933806,"GTGCACGGTTTACCAG-1"
-9.37016223570948,2.97616200954645,"GCTGGGTGTCCCGTGA-1"
2.20731140473241,-1.09607437937529,"TGTTACTGTGCGAGTA-1"
-0.34662436148768,-3.53740052073271,"GAACACTCAGTCGTTA-1"
-0.126456963034921,-0.733014381816698,"TCCATGCTCGGCGATC-1"
-0.528948413344674,-3.31880310862334,"CGTCCATTCGTGCACG-1"
-0.351792918654733,0.230202161380934,"TCAGTGACATCATCTT-1"
-0.569642769309335,-1.96370056956084,"TGTCCTGGTCATGACT-1"
2.7213575969016,-1.4624107250479,"CTATAGGCAGGTATGG-1"
-1.10109429261332,-2.03131941645415,"AACAGGGCACGGGCTT-1"
2.58972526886816,2.18562194020479,"GAGCCTGGTGCTTATG-1"
-1.06241707703715,-0.332829512050463,"TCCGATCTCGCTGCGA-1"
-8.49805329939967,2.98620399148195,"TGCAGGCAGCCTGAAG-1"
2.4180243144309,-0.628821171214891,"CAGCCAGGTACGAGTG-1"
3.19783140519018,1.51176890046327,"AGATGCTCATTGCCTC-1"
1.82114626267309,-1.51582316248686,"ACGTTCCGTTTCCAAG-1"
-0.922745214911752,-1.67697695582183,"CTCTCAGCAAAGGCGT-1"
0.248771799591727,0.00805421979157828,"ATCACGATCCTCAGGG-1"
3.18498445847387,1.60677548558442,"CATTGCCTCGAGGCAA-1"
2.24779154160375,1.5863968959543,"CCCATTGCAGGCACTC-1"
2.52090383866186,1.6485306850168,"GAAGGGTCACCCTGTT-1"
3.75441147187109,1.27538486630647,"ATTCTTGAGCTTCTAG-1"
-1.63959510824328,-1.41681269495757,"CAAGACTAGATGTTAG-1"
2.91862083771581,-0.812982834270311,"TCACACCAGTTATGGA-1"
3.62541462281103,1.9980122676584,"TTACCGCGTCTGTCCT-1"
3.3344814906394,1.05261775166719,"TACTTGTAGGTAATCA-1"
3.48787189820165,1.77585812718599,"AGGAAATTCATTCGTT-1"
-2.40265403887873,-2.28892353861601,"CAGGTATTCCAACCGG-1"
3.56667877533788,0.0524797073098888,"AATGACCGTCCTCCAT-1"
2.4519713053977,0.484282695362257,"TCCACGTGTTACCGTA-1"
-3.41370819708949,-1.09541586725981,"AGCCAGCAGGTAAAGG-1"
0.659193290260978,1.59198650033204,"CACTTCGCAGCTCATA-1"
-2.1561761965478,-1.48901919214995,"ATCGTAGCAGACATCT-1"
-7.91755698821192,3.12429346949785,"ACTCTCGTCGGAGCAA-1"
2.04144288399572,2.09414490372865,"GCTTTCGAGCACACAG-1"
2.98007418015356,1.28468295247285,"CTGGTCTAGGCGTCCT-1"
-9.25345920226222,3.79071229011743,"CGGGTGTCACAAAGCG-1"
2.24290086129064,1.00761433751314,"ATCCTATCACATAACC-1"
4.14084459641332,0.0558039775583019,"GTGCGTGTCCCAAGTA-1"
-3.61582826277857,-0.865532196452929,"TGTTGAGGTTGGCTAT-1"
-8.75266860625391,3.3356036824639,"GATCACAGTTGATCGT-1"
-3.57998882434016,-0.654155529430223,"AGGCCACTCATGAGGG-1"
2.80498386719579,-0.995088852336718,"GCAACCGGTATGCTTG-1"
2.62877251007909,0.281888925144361,"AAGACAACAGGACAGT-1"
1.74631644585485,-1.15000609247954,"CAGTTCCCATACGCAT-1"
-1.19796912572032,-1.31463316767485,"TTCGCTGTCCACGTGG-1"
1.88868810036535,1.13103982121675,"GAGGGATTCAACACGT-1"
2.71559645035619,0.875404082843946,"GAAGCGAAGATGTTCC-1"
-1.3842277695859,-1.56130389063628,"TGTGATGTCCTCACTG-1"
1.55610658028478,0.682995044300245,"AAGCATCGTCCCGTGA-1"
3.45703388550634,2.01283141286104,"AGTACTGAGTCGAATA-1"
0.27140964367742,-1.9667094120291,"TTCGATTGTCAGTCTA-1"
-3.81407784125453,-0.597403086116625,"CGGAACCCACTGTCCT-1"
0.30596639016027,1.90948768765657,"ACGGGTCAGAGTTCGG-1"
-7.89826081893092,3.31674482733934,"GTAATCGCAGTTCCAA-1"
-8.57844899794703,3.38961516381233,"TCTGCCACAAACCATC-1"
-0.232838140937143,-0.205653227260424,"AGTAGCTAGTCCCAGC-1"
4.29081608155126,0.521230422565626,"TGATCAGCATTGTACG-1"
-2.30881361863261,-1.26289061396391,"TGTTCCGCAAGTGGGT-1"
2.2559948096549,2.39304300458162,"TCAGGGCTCGTTCCTG-1"
3.2545025477683,0.624225818226027,"AAGGAATGTGAAGCGT-1"
2.4201371798789,-0.491177595546556,"CTGTAGATCGTAGTCA-1"
2.68806387284154,-0.102676428249193,"AGGAGGTCACGGTCTG-1"
-3.13925574919825,-1.6020591625479,"TTCACCGCAGGCGAAT-1"
4.22982336380834,-0.709094799449755,"TTACAGGGTGTCTCCT-1"
-8.62154172560816,3.61553239137857,"AACAGGGAGTTGTCAC-1"
1.72568084099645,-0.0644011863973866,"TTCAATCCAAGTGATA-1"
2.05350376465673,0.860309325763868,"TTCTTGAGTGGCTGCT-1"
3.5915238986289,0.412927829334425,"TGTGATGAGCCATTTG-1"
3.94236112931127,-1.05324343531401,"GGGTTATCAGTTACCA-1"
4.1676204333579,-0.652422703197313,"ACAGGGAAGAATCCCT-1"
0.330679191139884,2.13604088933198,"AATCACGAGAGTCCGA-1"
-1.22675971886759,-0.45625118105681,"TATTTCGCAGGAACCA-1"
0.732438577202506,1.21145602376192,"GATCCCTAGGCTGAAC-1"
-8.46876453063136,3.464597412059,"ACGATGTAGTGCTCAT-1"
-1.44546355507021,-1.11875799982817,"TACCGGGGTTAAAGTG-1"
0.449593080071158,-0.743585861614061,"CACGTGGTCGCTCTCA-1"
3.54030777314062,-1.32554606287749,"GTGGAAGGTGACAGCA-1"
-0.489735471221261,0.498804294178175,"CAGATACGTCTGCCTT-1"
1.86803103783483,0.237831317493605,"CTCCGATCAATGCTCA-1"
-2.93921815058833,-0.948998249461962,"TCGTCCAAGTGCCCGT-1"
-3.93466662070399,-0.974030769756151,"CCCAACTGTACAGTTC-1"
4.018351329354,-0.280712164333178,"ATTTCACCATCATGAC-1"
1.64643432000036,0.423497640201735,"GGAGCAAAGGCTGGAT-1"
0.852153075722403,1.67314013154237,"TGCCGAGGTGCAGGAT-1"
-1.39901612898951,-2.00114373057158,"CTGTGAAGTCAGTTTG-1"
-2.30688248774653,-1.42024544565947,"CGTCAAATCGGCACTG-1"
4.81257845261449,0.328965627262281,"TCACGCTCATGTTCGA-1"
3.6013739238059,-0.200104750087572,"TCAGTCCCAGTCGCTG-1"
0.0466109643256138,-1.59124258845122,"TATTTCGAGGTCCCTG-1"
-8.32571862837916,3.40466953129499,"TCTCAGCCATTGAGGG-1"
-2.22305582663661,-1.19046763270171,"TTGAACGAGATAACGT-1"
-2.71667657992487,-0.884000099590136,"TCATACTAGTAATCCC-1"
-8.9448964466775,3.32780983778639,"GGATCTAGTCTCTCTG-1"
-1.44036163589602,-0.739468372752977,"GGCTGTGTCTACTATC-1"
0.116456163910575,1.83867581994264,"AGCGCCAAGATTAGTG-1"
1.93608738282079,-0.281170881679369,"TTGTTGTTCTCTGCCA-1"
3.04294039109106,1.99748381287782,"CTTACCGTCAGGACAG-1"
1.33125950196142,-1.72887066691191,"ACTATTCTCGTGCGAC-1"
-9.02300809523707,3.40766429216592,"AACAACCAGACCATTC-1"
0.375523580101676,-1.86068514673979,"AGGACTTCAGTGTGCC-1"
4.42887569764013,-0.173601425578905,"TGCAGATGTACTGCGC-1"
0.459656013039298,1.80766876847474,"TCGACGGGTCTTCAAG-1"
-2.21109698912745,-2.21604422419341,"AAGATAGTCGCTTACC-1"
0.433483613518424,2.0063712230417,"CCTCAACGTATGAGGC-1"
3.52324653962011,1.46541138798921,"GTCATTTAGGTATAGT-1"
-9.02878593108302,3.14765434772699,"AGTAGTCGTGACCGAA-1"
-1.70182195319479,-0.98929528086455,"AGAGAATGTCGATTAC-1"
0.743746770409293,1.67988701970308,"CATTTCAGTATCGAAA-1"
0.681723845986075,-2.04733876078398,"AGAAGTACAAGATCCT-1"
2.55889202454442,1.1973485580179,"GGTAGAGTCAATCCGA-1"
-9.12791656157618,3.48738653273313,"GGTGATTGTTCTCTCG-1"
0.283698214081473,-2.09210804789336,"GTTGTAGAGTACAACA-1"
-1.4089843501771,-2.24091271250517,"CGGTCAGTCCCGTGAG-1"
2.11988426545019,-0.506043470790697,"CACGAATCAGGAAGTC-1"
4.53021456101293,0.619463407108473,"CCGATCTAGAAGTCAT-1"
3.21904589035863,-1.21591738550933,"CCGGGTAAGGGATCAC-1"
2.00748993256444,2.02762218625276,"TCGTGGGAGACTTAAG-1"
3.24376465180273,1.01902791173189,"AACCTTTCAGGAGACT-1"
3.50400997498388,-0.832405842235399,"GATAGAAAGTGTTCCA-1"
2.26634599068517,2.12812110097139,"TTGCATTGTTGGACTT-1"
-1.83467778763419,-0.359545982768847,"CTCAGTCAGTCTACCA-1"
1.72849608757848,-0.932124889781786,"CCGGGTAGTCGGAAAC-1"
0.72129727700109,1.48924502045839,"CGAAGTTTCTCAACGA-1"
1.31338907578344,-1.47092131464751,"GTTGCGGCAACGTAAA-1"
0.391923202065177,-0.606960571697069,"TTGCCTGGTGAGCGAT-1"
1.47368122437353,0.318250142643141,"AATTTCCTCGAGTTGT-1"
2.31602217057104,0.56384774358003,"GCGGATCTCTTAGCCC-1"
-4.00452874800806,-0.413558996608568,"TACTGCCCACATTACG-1"
1.56133009293432,-0.681065357616259,"TTGGTTTCACAAGCAG-1"
1.12110282280797,-0.403386629512621,"ACTCTCGTCGCCACTT-1"
-3.86761878630763,-1.43465880244048,"TAGCACACATAGGTAA-1"
4.63716007569189,-0.562737024715258,"AACCTTTGTGAGCCAA-1"
-2.22498141429072,-0.372581518581224,"CGCATAATCATTTGCT-1"
4.23333526947851,0.487966023990797,"GACCTTCAGTCTAACC-1"
